/2019/09/29/00/09/33/77013058_p0.jpg,
/2019/09/29/00/09/33/77013058_p1.jpg,
/2019/09/29/00/09/33/77013058_p2.jpg,
/2019/09/29/00/09/33/77013058_p3.jpg,
/2019/08/07/22/40/01/76131968_p0.png,
/2019/07/25/23/44/47/75908392_p0.jpg,
/2019/07/25/23/44/47/75908392_p1.jpg,
/2019/07/25/23/44/47/75908392_p2.jpg,
/2019/07/25/23/44/47/75908392_p3.jpg,
/2019/07/25/23/44/47/75908392_p4.jpg,
/2019/07/25/23/44/47/75908392_p5.jpg,
/2019/07/25/23/44/47/75908392_p6.jpg,
/2019/06/14/09/32/47/75214411_p0.jpg,
/2019/06/07/15/47/56/75100427_p0.jpg,
/2019/05/11/17/46/26/74674433_p0.jpg,
/2018/12/03/21/47/46/71947933_p0.jpg,
/2018/10/23/00/17/42/71307181_p0.jpg,
/2018/08/21/10/56/47/70311577_p0.png,
/2018/07/06/17/45/17/69561882_p0.jpg,
/2018/07/06/17/45/17/69561882_p1.jpg,
/2018/07/06/17/45/17/69561882_p2.jpg,
/2018/07/06/17/45/17/69561882_p3.jpg,
/2018/07/06/17/45/17/69561882_p4.jpg,
/2018/07/06/17/45/17/69561882_p5.jpg,
/2018/07/06/17/45/17/69561882_p6.jpg,
/2018/07/06/17/45/17/69561882_p7.jpg,
/2018/07/06/17/45/17/69561882_p8.jpg,
/2018/06/25/20/22/24/69401016_p0.jpg,
/2018/06/25/20/22/24/69401016_p1.jpg,
/2018/06/25/19/54/27/69400667_p0.png,
/2018/06/09/15/09/28/69144795_p0.jpg,
/2018/06/08/20/18/00/69131977_p0.png,
/2018/06/01/22/49/48/69027163_p0.png,
/2018/05/31/00/30/08/69000959_p0.jpg,
/2018/05/31/00/30/08/69000959_p1.jpg,
/2018/05/31/00/30/08/69000959_p2.jpg,
/2018/05/31/00/30/08/69000959_p3.jpg,
/2018/05/31/00/30/08/69000959_p4.jpg,
/2018/05/31/00/30/08/69000959_p5.jpg,
/2018/05/31/00/30/08/69000959_p6.jpg,
/2018/05/31/00/30/08/69000959_p7.jpg,
/2018/05/31/00/30/08/69000959_p8.jpg,
/2018/05/31/00/30/08/69000959_p9.jpg,
/2018/05/31/00/30/08/69000959_p10.jpg,
/2018/05/31/00/30/08/69000959_p11.jpg,
/2018/05/31/00/30/08/69000959_p12.jpg,
/2018/05/31/00/30/08/69000959_p13.jpg,
/2018/05/31/00/30/08/69000959_p14.jpg,
/2018/05/31/00/30/08/69000959_p15.jpg,
/2018/05/31/00/30/08/69000959_p16.jpg,
/2018/05/31/00/30/08/69000959_p17.jpg,
/2018/05/31/00/30/08/69000959_p18.jpg,
/2018/05/31/00/30/08/69000959_p19.jpg,
/2018/05/31/00/30/08/69000959_p20.jpg,
/2018/05/30/21/59/59/68997611_p0.jpg,
/2018/05/30/21/20/38/68996886_p0.jpg,
/2018/05/29/20/59/33/68982469_p0.jpg,
/2018/05/29/18/54/41/68980786_p0.png,
/2018/05/29/12/20/14/68977587_p0.jpg,
/2018/05/29/09/49/10/68976654_p0.jpg,
/2018/05/29/00/49/52/68973278_p0.png,
/2018/05/29/00/24/17/68972780_p0.png,
/2018/05/28/23/01/38/68970819_p0.png,
/2018/05/28/22/53/13/68970611_p0.jpg,
/2018/05/28/22/52/20/68970588_p0.png,
/2018/05/28/21/54/54/68969332_p0.png,
/2018/05/28/21/49/49/68969233_p0.png,
/2018/05/28/21/49/49/68969233_p1.png,
/2018/05/28/21/29/36/68968802_p0.jpg,
/2018/05/28/20/08/12/68967426_p0.jpg,
/2018/05/28/18/49/02/68966363_p0.jpg,
/2018/05/28/17/42/48/68965639_p0.jpg,
/2018/01/08/19/33/30/66710650_p0.png,
/2017/11/22/23/54/07/66002111_p0.jpg,
/2017/11/22/23/54/07/66002111_p1.jpg,
/2017/11/11/18/19/54/65845494_p0.png,
/2017/10/05/13/41/58/65283732_p0.jpg,
/2017/10/05/13/41/58/65283732_p1.jpg,
/2017/08/11/00/37/53/64344151_p0.png,
/2017/07/17/21/20/48/63916595_p0.png,
/2017/07/17/21/20/48/63916595_p1.png,
/2017/07/17/21/20/48/63916595_p2.png,
/2017/07/17/21/20/48/63916595_p3.png,
/2017/07/17/21/20/48/63916595_p4.png,
/2017/07/17/21/20/48/63916595_p5.png,
/2017/07/17/21/20/48/63916595_p6.png,
/2017/07/17/21/20/48/63916595_p7.png,
/2017/07/17/21/20/48/63916595_p8.png,
/2017/06/19/20/31/37/63466725_p0.png,
/2017/05/30/00/01/39/63134404_p0.jpg,
/2017/05/28/01/07/43/63102006_p0.jpg,
/2017/05/27/13/38/06/63090620_p0.jpg,
/2017/05/25/20/26/17/63065116_p0.jpg,
/2017/05/25/20/26/17/63065116_p1.jpg,
/2017/05/22/16/34/44/63019129_p0.jpg,
/2017/05/22/09/02/23/63016347_p0.png,
/2017/05/22/00/30/41/63012456_p0.png,
/2017/05/21/23/08/45/63010145_p0.jpg,
/2017/05/21/21/02/28/63006949_p0.png,
/2017/05/21/20/07/14/63005830_p0.jpg,
/2017/05/21/19/28/58/63005185_p0.png,
/2017/05/21/19/22/08/63005071_p0.jpg,
/2017/05/21/18/11/34/63003798_p0.png,
/2017/05/21/17/44/07/63003316_p0.jpg,
/2017/05/21/17/22/47/63002937_p0.png,
/2017/05/21/16/55/18/63002449_p0.jpg,
/2017/05/20/12/48/44/62981044_p0.jpg,
/2017/05/19/22/12/36/62972108_p0.jpg,
/2017/05/18/22/13/50/62958548_p0.png,
/2017/05/03/00/34/13/62703980_p0.jpg,
/2017/05/03/00/34/13/62703980_p1.jpg,
/2017/04/02/12/31/31/62214251_p0.jpg,
/2017/04/02/12/31/31/62214251_p1.jpg,
/2017/04/02/12/31/31/62214251_p2.jpg,
/2017/04/02/12/26/29/62214206_p0.jpg,
/2017/02/22/00/00/03/61574845_p0.jpg,
/2017/02/15/01/50/04/61464274_p0.png,
/2017/01/09/00/32/34/60846640_p0.jpg,
/2016/09/14/00/12/13/58969616_p0.jpg,
/2016/08/23/18/23/36/58609543_p0.jpg,
/2016/08/10/19/34/38/58364757_p0.png,
/2016/07/25/06/10/43/58077247_p0.png,
/2016/06/28/16/04/12/57630456_p0.jpg,
/2016/05/31/03/44/05/57153716_p0.jpg,
/2016/05/30/20/04/54/57145638_p0.jpg,
/2016/05/30/03/48/33/57135838_p0.jpg,
/2016/05/30/03/48/33/57135838_p1.jpg,
/2016/05/27/19/03/18/57089274_p0.jpg,
/2016/05/18/19/03/34/56943681_p0.png,
/2016/05/16/21/53/12/56918259_p0.jpg,
/2016/05/16/00/01/52/56906339_p0.jpg,
/2016/05/15/23/04/45/56904560_p0.png,
/2016/05/15/21/36/04/56901941_p0.png,
/2016/05/15/21/19/55/56901510_p0.png,
/2016/05/15/19/26/16/56899126_p0.png,
/2016/05/15/19/08/19/56898788_p0.png,
/2016/05/15/19/00/44/56898661_p0.png,
/2016/05/15/17/55/44/56897476_p0.jpg,
/2016/05/15/17/13/24/56896709_p0.jpg,
/2016/05/15/17/01/05/56896497_p0.jpg,
/2016/05/15/16/56/35/56896393_p0.png,
/2016/05/15/16/41/19/56896165_p0.jpg,
/2016/05/15/16/15/00/56895669_p0.jpg,
/2016/05/15/08/31/39/56889945_p0.jpg,
/2016/05/15/00/30/00/56885351_p0.jpg,
/2016/05/13/01/39/12/56853778_p0.png,
/2016/05/11/23/14/11/56836700_p0.jpg,
/2016/05/09/19/57/48/56802720_p0.png,
/2016/05/04/18/30/09/56702509_p0.jpg,
/2016/04/24/17/11/37/56509922_p0.png,
/2016/04/23/21/18/53/56492947_p0.png,
/2016/03/30/20/11/26/56094475_p0.jpg,
/2015/12/06/23/19/25/53919143_p0.png,
/2015/10/31/12/10/54/53296118_p0.jpg,
/2015/09/06/09/52/55/52389574_p0.jpg,
/2015/09/05/11/51/29/52372358_p0.jpg,
/2015/08/10/20/56/42/51896647_p0.jpg,
/2015/07/30/16/04/01/51685776_p0.jpg,
/2015/05/23/15/59/39/50516372_p0.jpg,
/2015/05/20/18/07/42/50471962_p0.png,
/2015/05/17/19/51/44/50426555_p0.jpg,
/2015/05/16/21/09/28/50406540_p0.jpg,
/2015/05/16/16/49/23/50402017_p0.jpg,
/2015/05/13/22/58/24/50360383_p0.jpg,
/2015/05/13/01/17/03/50349305_p0.png,
/2015/05/12/18/03/50/50340968_p0.jpg,
/2015/05/11/00/04/42/50317911_p0.jpg,
/2015/05/10/20/45/04/50311957_p0.jpg,
/2015/05/10/16/38/43/50307048_p0.png,
/2015/05/24/23/04/24/50295108_p0.jpg,
/2015/05/10/00/08/46/50294868_p0.png,
/2015/05/10/00/04/41/50294726_p0.png,
/2015/05/10/00/05/31/50293711_p0.png,
/2015/05/08/12/22/42/50265593_p0.jpg,
/2015/05/07/22/27/48/50257150_p0.png,
/2015/01/24/19/02/24/48349446_p0.png,
/2014/08/12/20/04/28/45307498_p0.png,
/2014/08/03/20/41/17/45109032_p0.png,
/2014/07/04/19/38/05/44494300_p0.jpg,
/2014/06/22/21/12/23/44250722_p0.png,
/2014/06/22/21/12/23/44250722_p1.png,
/2014/06/15/20/31/12/44112021_p0.png,
/2014/06/15/20/31/12/44112021_p1.png,
/2014/06/15/20/31/12/44112021_p2.png,
/2014/06/15/20/31/12/44112021_p3.png,
/2014/06/09/23/00/20/43999018_p0.png,
/2014/06/03/09/50/06/43868950_p0.png,
/2014/06/01/22/34/51/43841595_p0.jpg,
/2014/06/01/22/34/51/43841595_p1.jpg,
/2014/05/25/21/14/12/43708756_p0.jpg,
/2014/05/19/19/42/47/43596299_p0.jpg,
/2014/05/11/21/55/25/43448975_p0.jpg,
/2014/05/04/21/37/04/43297515_p0.png,
/2014/04/25/23/51/26/43098232_p0.jpg,
/2014/04/25/23/51/26/43098232_p1.jpg,
/2013/05/14/16/49/49/35689414_p0.jpg,
/2013/05/14/16/49/49/35689414_p1.jpg,
/2011/05/16/12/32/54/18929242_p0.jpg,
/2008/06/07/00/47/41/932218_p0.jpg,
/2008/06/04/13/31/34/919413_p0.jpg
